<?xml version="1.0" encoding="UTF-8"?>
<project xmlns="http://maven.apache.org/POM/4.0.0" xmlns:xsi="http://www.w3.org/2001/XMLSchema-instance" xsi:schemaLocation="http://maven.apache.org/POM/4.0.0 http://maven.apache.org/maven-v4_0_0.xsd">
  <modelVersion>4.0.0</modelVersion>
  <groupId>com.mycompany</groupId>
  <artifactId>JavaFXApplication1</artifactId>
  <version>1.0-SNAPSHOT</version>
  <build>
    <plugins>
      <plugin>
        <artifactId>maven-shade-plugin</artifactId>
        <version>3.4.1</version>
        <executions>
          <execution>
            <phase>package</phase>
            <goals>
              <goal>shade</goal>
            </goals>
            <configuration>
              <transformers>
                <transformer>
                  <manifestEntries>
                    <Main-Class>com.mycompany.javafxapplication1.App</Main-Class>
                    <Build-Number>123</Build-Number>
                  </manifestEntries>
                </transformer>
              </transformers>
            </configuration>
          </execution>
        </executions>
      </plugin>
      <plugin>
        <artifactId>maven-compiler-plugin</artifactId>
        <version>3.8.0</version>
        <configuration>
          <release>11</release>
        </configuration>
      </plugin>
      <plugin>
        <groupId>org.openjfx</groupId>
        <artifactId>javafx-maven-plugin</artifactId>
        <version>0.0.4</version>
        <executions>
          <execution>
            <id>default-cli</id>
          </execution>
          <execution>
            <id>debug</id>
            <configuration>
              <options>
                <option>-agentlib:jdwp=transport=dt_socket,server=y,suspend=y,address=localhost:8000</option>
              </options>
            </configuration>
          </execution>
          <execution>
            <id>ide-debug</id>
            <configuration>
              <options>
                <option>-agentlib:jdwp=transport=dt_socket,server=n,address=${jpda.address}</option>
              </options>
            </configuration>
          </execution>
          <execution>
            <id>ide-profile</id>
            <configuration>
              <options>
                <option>${profiler.jvmargs.arg1}</option>
                <option>${profiler.jvmargs.arg2}</option>
                <option>${profiler.jvmargs.arg3}</option>
                <option>${profiler.jvmargs.arg4}</option>
                <option>${profiler.jvmargs.arg5}</option>
              </options>
            </configuration>
          </execution>
        </executions>
        <configuration>
          <mainClass>com.mycompany.javafxapplication1.App</mainClass>
        </configuration>
      </plugin>
    </plugins>
  </build>
  <properties>
    <maven.compiler.target>11</maven.compiler.target>
    <maven.compiler.source>11</maven.compiler.source>
    <project.build.sourceEncoding>UTF-8</project.build.sourceEncoding>
  </properties>
</project>
